<?xml version="1.0" encoding="utf-8" ?>
<TypyPojazdu>
	<Kategoria
		Nazwa="Samochody Sportowe"
		Opis="Klasa samochodów, której głównym celem jest możliwie najlepsze prowadzenie"
	  >
		<Podkategoria
			Nazwa="Lamborghini"
			Opis="Włoski producent supersamochodów, SUV-ów i samochodów terenowych"
			DataPowstania="1963"
			MacierzystyKoncern="Włochy">
			<Pojazd>
				<Nazwa>Huracan</Nazwa>
				<RokProdukcji>2021</RokProdukcji>
				<Napęd>Tył</Napęd>
				<Silnik>5.2</Silnik>
			</Pojazd>
			<Pojazd>
				<Nazwa>Aventador</Nazwa>
				<RokProdukcji>2018</RokProdukcji>
				<Napęd>Tył</Napęd>
				<Silnik>6.5</Silnik>
			</Pojazd>
			<Pojazd>
				<Nazwa>Gallardo</Nazwa>
				<RokProdukcji>2008</RokProdukcji>
				<Napęd>Tył</Napęd>
				<Silnik>4.9</Silnik>
			</Pojazd>
			<Pojazd>
				<Nazwa>Diablo</Nazwa>
				<RokProdukcji>1993</RokProdukcji>
				<Napęd>Tył</Napęd>
				<Silnik>5.7</Silnik>
			</Pojazd>
		</Podkategoria>
		<Podkategoria
			Nazwa="Nissan"
			Opis="Japoński producent samochodów i autobusów z siedzibą w Jokohamie"
			DataPowstania="1933"
			MacierzystyKoncern="Japonia">
			<Pojazd>
				<Nazwa>GTR R35</Nazwa>
				<RokProdukcji>2018</RokProdukcji>
				<Napęd>4x4</Napęd>
				<Silnik>4.1</Silnik>
			</Pojazd>
			<Pojazd>
				<Nazwa>GTR R34</Nazwa>
				<RokProdukcji>1998</RokProdukcji>
				<Napęd>4x4</Napęd>
				<Silnik>2.5</Silnik>
			</Pojazd>
			<Pojazd>
				<Nazwa>350Z</Nazwa>
				<RokProdukcji>2009</RokProdukcji>
				<Napęd>Tył</Napęd>
				<Silnik>3.5</Silnik>
			</Pojazd>
			<Pojazd>
				<Nazwa>370Z</Nazwa>
				<RokProdukcji>2010</RokProdukcji>
				<Napęd>Tył</Napęd>
				<Silnik>3.7</Silnik>
			</Pojazd>
		</Podkategoria>
	</Kategoria>
	<Kategoria
		Nazwa="Motocykle"
		Opis="Pojazdy jednośladowe służące do przemieszczania się po ulicach"
	  >
		<Podkategoria
			Nazwa="Honda"
			Opis="Japońskie przedsiębiorstwo branży motoryzacyjnej produkujące samochody, motocykle, skutery, samoloty, silniki, roboty oraz różnego rodzaju maszyny."
			DataPowstania="1948"
			MacierzystyKoncern="Japonia">
			<Pojazd>
				<Nazwa>CBR Fireblade</Nazwa>
				<RokProdukcji>2023</RokProdukcji>
				<Napęd>Tył</Napęd>
				<Silnik>1.0</Silnik>
			</Pojazd>
			<Pojazd>
				<Nazwa>CBR CBR 500R</Nazwa>
				<RokProdukcji>2023</RokProdukcji>
				<Napęd>Tył</Napęd>
				<Silnik>0.5</Silnik>
			</Pojazd>
			<Pojazd>
				<Nazwa>CBR CBR650R</Nazwa>
				<RokProdukcji>2019</RokProdukcji>
				<Napęd>Tył</Napęd>
				<Silnik>0.65</Silnik>
			</Pojazd>
			<Pojazd>
				<Nazwa>CBR Fireblade SP</Nazwa>
				<RokProdukcji>2023</RokProdukcji>
				<Napęd>Tył</Napęd>
				<Silnik>1.0</Silnik>
			</Pojazd>
		</Podkategoria>
		<Podkategoria
			Nazwa="Kawasaki"
			Opis="japoński koncern powstały z połączenia w 1969 r. trzech przedsiębiorstw: Kawasaki Dockyard, Kawasaki Rolling Stock Manufacturing i Kawasaki Aircraft"
			DataPowstania="1896"
			MacierzystyKoncern="Japonia">
			<Pojazd>
				<Nazwa>Ninja H2R</Nazwa>
				<RokProdukcji>2023 </RokProdukcji>
				<Napęd>Tył</Napęd>
				<Silnik>1.0</Silnik>
			</Pojazd>
			<Pojazd>
				<Nazwa>Ninja ZX-10R</Nazwa>
				<RokProdukcji>2023</RokProdukcji>
				<Napęd>Tył</Napęd>
				<Silnik>1.0</Silnik>
			</Pojazd>
			<Pojazd>
				<Nazwa>Ninja 1000SX</Nazwa>
				<RokProdukcji>2023</RokProdukcji>
				<Napęd>Tył</Napęd>
				<Silnik>1.0</Silnik>
			</Pojazd>
		</Podkategoria>
	</Kategoria>
	<Kategoria
		Nazwa="Ciężarówki"
		Opis="Pojazd samochodowy przeznaczony konstrukcyjnie do przewozu ładunków"
	  >
		<Podkategoria
			Nazwa="Scania"
			Opis="Szwedzkie przedsiębiorstwo produkujące samochody ciężarowe, ciągniki siodłowe, autobusy oraz silniki wysokoprężne dla pojazdów ciężarowych, morskich oraz różnych zastosowań przemysłowych"
			DataPowstania="1891"
			MacierzystyKoncern="Szwecja">
			<Pojazd>
				<Nazwa>R380</Nazwa>
				<RokProdukcji>2016</RokProdukcji>
				<Napęd>Tył</Napęd>
				<Silnik>11.7</Silnik>
			</Pojazd>
			<Pojazd>
				<Nazwa>R500</Nazwa>
				<RokProdukcji>2018</RokProdukcji>
				<Napęd>Tył</Napęd>
				<Silnik>11.0</Silnik>
			</Pojazd>
		</Podkategoria>
		<Podkategoria
			Nazwa="MAN"
			Opis="Spółka europejska z siedzibą w Monachium. Jedno z ważniejszych przedsiębiorstw produkujących samochody ciężarowe, autobusy, samochody dostawcze, silniki oraz urządzenia przemysłowe"
			DataPowstania="1898"
			MacierzystyKoncern="Niemcy">
			<Pojazd>
				<Nazwa>TGX</Nazwa>
				<RokProdukcji>2010</RokProdukcji>
				<Napęd>Tył</Napęd>
				<Silnik>12.0</Silnik>
			</Pojazd>
			<Pojazd>
				<Nazwa>TGS</Nazwa>
				<RokProdukcji>2012</RokProdukcji>
				<Napęd>Tył</Napęd>
				<Silnik>13.0</Silnik>
			</Pojazd>
			<Pojazd>
				<Nazwa>TGL</Nazwa>
				<RokProdukcji>2022</RokProdukcji>
				<Napęd>Tył</Napęd>
				<Silnik>10.5</Silnik>
			</Pojazd>
		</Podkategoria>
	</Kategoria>
</TypyPojazdu>